COM_CODE;COM_NOM;AUC_NOM;geolocalisation
38029;La Bâtie-Montgascon;Lyon;45.575472151, 5.54225415
38031;Beaufin;Beaufin;44.787010753, 5.959065924
38052;Le Bourg-d'Oisans;Le Bourg-d'Oisans;45.027600374, 6.057662306
38057;Bresson;Grenoble;45.133467078, 5.750971271
38058;Brézins;Grenoble;45.345189216, 5.307915528
38059;Brié-et-Angonnes;Grenoble;45.122913512, 5.778725138
38115;Saint-Martin-de-la-Cluze;Grenoble;44.989743744, 5.661433267
38121;Commelle;SO;45.434774646, 5.231819204
38192;Hurtières;Grenoble;45.28682511, 5.968099673
38198;Jarcieu;Jarcieu;45.335427257, 4.9494848
38224;Mayres-Savel;Mayres-Savel;44.886742343, 5.710971322
38004;L'Albenc;Saint-Marcellin;45.218480217, 5.458684063
38011;Anthon;Lyon;45.784746058, 5.154341218
38014;Arandon;SO;45.717290455, 5.444923613
38051;Bougé-Chambalud;Bougé-Chambalud;45.319795541, 4.892342752
38060;Brion;Grenoble;45.292170374, 5.340132485
38081;Charantonnay;Lyon;45.538513271, 5.115837443
38090;Château-Bernard;Grenoble;44.981684344, 5.564156606
38119;Colombier-saugnieu;SO;nan
38173;Le Freney-d'Oisans;Le Freney-d'Oisans;45.07839939, 6.122756247
38201;Jonage;SO;nan
38220;Marennes;SO;nan
38227;Mépieu;SO;nan
38257;Montrevel;Lyon;45.477087614, 5.407297015
38313;Ponsonnas;La Mure;44.889169717, 5.798476595
38358;Sainte-Anne-sur-Gervonde;Lyon;45.499816928, 5.23316521
38432;Saint-Nicolas-de-Macherin;Grenoble;45.406770644, 5.615397179
38484;Serpaize;Vienne;45.557148975, 4.919506039
38501;Tencin;Grenoble;45.31145701, 5.958832077
38547;Villard-Bonnot;Grenoble;45.245375823, 5.889017865
38556;Ville-sous-Anjou;Vienne;45.376405552, 4.858111784
38559;Vinay;Saint-Marcellin;45.214748583, 5.407851649
38566;Vourey;Grenoble;45.316945467, 5.522298939
38230;Meyrié;Lyon;45.560338258, 5.285122597
38233;Meyzieu;SO;nan
38251;Montceau;SO;nan
38283;Oris-en-Rattier;Oris-en-Rattier;44.933714882, 5.885523173
38322;Presles;Presles;45.092917908, 5.405691567
38343;Romagnieu;Romagnieu;45.561969901, 5.640342772
38396;Saint-Honoré;Saint-Honoré;44.958265906, 5.820376534
38398;Saint-Jean-d'Avelanne;Saint-Jean-d'Avelanne;45.507836938, 5.667672601
38452;Saint-Romain-de-Surieu;Vienne;45.389477878, 4.889189334
38470;La Salle-en-Beaumont;La Salle-en-Beaumont;44.85955735, 5.861257798
38512;Tramolé;Lyon;45.514063457, 5.268033286
38517;Tullins;Grenoble;45.29378374, 5.490509764
38520;Valencogne;Valencogne;45.491718433, 5.531583072
38537;La Verpillière;Lyon;45.637588327, 5.148427724
38456;Châtel-en-Trièves;Saint-Sébastien;44.848335112, 5.803907809
38105;Chirens;Grenoble;45.415995733, 5.556206417
38116;Cognet;La Mure;44.881831771, 5.776494088
38177;La Garde;La Garde;45.068539241, 6.055097559
38196;Jallieu;SO;nan
38248;Montaud;Grenoble;45.260242997, 5.561960104
38267;Mottier;Grenoble;45.42282042, 5.308504227
38298;Le Péage-de-Roussillon;Vienne;45.36841695, 4.783156514
38377;Saint-Clair-de-la-Tour;Lyon;45.570974774, 5.488719268
38388;Saint-Georges-de-Commiers;Grenoble;45.036140908, 5.718685005
38400;Saint-Jean-de-Moirans;Grenoble;45.336996361, 5.587159691
38416;Saint-Marcellin;Saint-Marcellin;45.152698449, 5.317792233
38450;Saint-Quentin-sur-Isère;Grenoble;45.277591768, 5.548012637
38495;La Sône;Saint-Marcellin;45.117113189, 5.280570925
38498;Succieu;Lyon;45.530010744, 5.342411909
38033;Beaulieu;Saint-Marcellin;45.191191667, 5.397089133
38099;Chevrières;Saint-Marcellin;45.191752131, 5.293180998
38122;Communay;SO;nan
38127;Cornillon-en-Trièves;Grenoble;44.8350868, 5.704017797
38147;Doissin;Lyon;45.501452069, 5.42872311
38222;Massieu;Grenoble;45.437380169, 5.598685383
38247;Montalieu-Vercieu;Lyon;45.812034674, 5.403136398
38250;Montcarra;Lyon;45.609332792, 5.398586382
38254;Monteynard;Grenoble;44.980507921, 5.702305025
38302;Le Périer;SO;44.939442952, 5.98361553
38324;Primarette;Primarette;45.408152292, 5.033579264
38335;Revel-Tourdan;Revel-Tourdan;45.371219367, 5.03151706
38375;Saint-Christophe-en-Oisans;Saint-Christophe-en-Oisans;44.928859341, 6.244122507
38394;Saint-Hilaire-du-Rosier;Saint-Hilaire-du-Rosier;45.090450842, 5.250214529
38405;Saint-Joseph-de-Rivière;Grenoble;45.364833804, 5.691247387
38465;Saint-Victor-de-Morestel;Lyon;45.702557662, 5.498284266
38509;La Tour-du-Pin;Lyon;45.573084434, 5.445057809
38038;Belmont;Lyon;45.473646566, 5.364065696
38078;La Chapelle-du-Bard;La Chapelle-du-Bard;45.4023592, 6.139012938
38305;Le Pin;SO;45.459658128, 5.506145844
38351;Saint-Agnin-sur-Bion;Lyon;45.539046745, 5.239493624
38521;La Valette;La Valette;44.944709412, 5.8533091
38533;Venon;Grenoble;45.173586235, 5.810295135
38010;Annoisin-Chatelans;Lyon;45.760970688, 5.291767821
38013;Apprieu;Grenoble;45.397628049, 5.496231895
38045;Biviers;Grenoble;45.243268294, 5.798949533
38089;Chassignieu;Chassignieu;45.500936265, 5.512157745
38132;Les Côtes-de-Corps;Les Côtes-de-Corps;44.841759762, 5.931209125
38154;Entraigues;Entraigues;44.890176622, 5.96403912
38158;Eybens;Grenoble;45.151664806, 5.748603206
38170;Fontanil-Cornillon;Grenoble;45.25450923, 5.663899642
38171;La Forteresse;Grenoble;45.294500942, 5.407160841
38215;Luzinay;Lyon;45.589464773, 4.956685656
38229;Meylan;Grenoble;45.212284323, 5.784509491
38241;Monestier-d'Ambel;Monestier-d'Ambel;44.769274644, 5.924110786
38264;La Morte;La Morte;45.026754791, 5.86213083
38286;Oulles;Grenoble;45.074331961, 5.96327501
38346;Royas;Lyon;45.505362989, 5.101093179
38384;Saint-Étienne-de-Saint-Geoirs;Grenoble;45.345863131, 5.348506136
38434;Saint-Ondras;Saint-Ondras;45.516899127, 5.547442796
38466;Saint-Vincent-de-Mercuze;Grenoble;45.37432461, 5.959133251
38488;Siccieu-Saint-Julien-et-Carisieu;Lyon;45.730082169, 5.314386237
38500;Têche;Saint-Marcellin;45.177720162, 5.37544993
38528;Vaulnaveys-le-Bas;Grenoble;45.098807792, 5.811266581
38542;Veyssilieu;Lyon;45.680050672, 5.227783152
38003;Agnin;Vienne;45.336001664, 4.860372723
38018;Auberives-en-Royans;Auberives-en-Royans;45.064466586, 5.311951632
38073;Chantepérier;Chantelouve;44.986149303, 5.97651066
38092;Châtelus;Châtelus;45.054115042, 5.390749968
38100;Le Cheylas;Grenoble;45.381777569, 5.998403483
38148;Dolomieu;Lyon;45.615268959, 5.486512344
38157;Estrablin;Vienne;45.513439082, 4.959089374
38203;Laffrey;Grenoble;45.029863935, 5.782384747
38260;Moras;Lyon;45.68724114, 5.260109799
38277;Notre-Dame-de-Commiers;Grenoble;45.009812238, 5.70479133
38304;Pierre-Châtel;Grenoble;44.95602504, 5.773967796
38306;Pinsot;SO;45.34176308, 6.125642707
38310;Poliénas;Grenoble;45.250289494, 5.479812161
38337;Rives;Grenoble;45.360473747, 5.487179982
38404;Saint-Jean-le-Vieux;Grenoble;45.207266154, 5.877380622
38429;Saint-Michel-les-Portes;Grenoble;44.864801068, 5.591449055
38446;Saint-Pierre-d'Entremont;Saint-Pierre-d'Entremont;45.385478292, 5.851497274
38524;Varces-Allières-et-Risset;Grenoble;45.091202836, 5.67701729
38043;Bilieu;Grenoble;45.445900563, 5.550310622
38088;Chassieu;SO;nan
38188;Herbeys;Grenoble;45.143197539, 5.797186245
38538;Le Versoud;Grenoble;45.222269406, 5.858768679
38540;Veurey-Voroize;Grenoble;45.269546186, 5.602124088
38166;La Flachère;Grenoble;45.399183084, 5.9622326
38167;Flachères;Lyon;45.469247263, 5.314814494
38225;Autrans-Méaudre en Vercors;Méaudre;45.132046445, 5.527823762
38319;Pont-en-Royans;Pont-en-Royans;45.061507196, 5.347102479
38372;Saint-Bueil;Grenoble;45.473840134, 5.680479597
38531;Velanne;Grenoble;45.488909836, 5.646196406
38040;Besse;Besse;45.104717134, 6.208990934
38069;Champier;Lyon;45.45798802, 5.291929368
38084;Charnècles;Grenoble;45.342143948, 5.527076461
38112;Clavans-en-Haut-Oisans;Clavans-en-Haut-Oisans;45.117133173, 6.162296714
38114;Clonas-sur-Varèze;Vienne;45.414601949, 4.792889453
38162;Faverges-de-la-Tour;Lyon;45.594075224, 5.513638184
38206;Laval-en-Belledonne;Grenoble;45.236199666, 5.981528244
38236;Miribel-les-Échelles;Grenoble;45.437462147, 5.707950912
38271;Murianette;Grenoble;45.188050199, 5.826398538
38344;Roussillon;Vienne;45.378680545, 4.818412828
38353;Saint-Alban-du-Rhône;Vienne;45.418287615, 4.755000713
38354;Saint-Albin-de-Vaulserre;Saint-Albin-de-Vaulserre;45.501424349, 5.697972176
38374;Saint-Chef;Lyon;45.640933714, 5.361810092
38376;Saint-Christophe-sur-Guiers;Grenoble;45.409699815, 5.792809986
38381;Saint-Didier-de-la-Tour;Lyon;45.548057781, 5.487833111
38529;Vaulnaveys-le-Haut;Grenoble;45.115259703, 5.840718161
38539;Vertrieu;Lyon;45.870773365, 5.364708956
38086;Chasselay;Chasselay;45.261435349, 5.340878659
38228;Merlas;Grenoble;45.439679323, 5.658865464
38294;Panossas;Lyon;45.676183375, 5.193538506
38391;Saint-Guillaume;Grenoble;44.945012261, 5.591204063
38141;Culin;Lyon;45.523855087, 5.245233104
38191;Huez;Huez;45.097084781, 6.084624911
38334;Revel;Grenoble;45.168116612, 5.909494182
38361;Saint-Arey;Saint-Arey;44.882465361, 5.742626098
38451;Saint-Romain-de-Jalionas;Lyon;45.752155538, 5.224241397
38481;Sérézin-de-la-Tour;Lyon;45.555072987, 5.341412524
38256;Montferrat;Grenoble;45.475439326, 5.578948856
38293;Panissage;SO;45.49499867, 5.459725169
38295;Parmilieu;Lyon;45.844970979, 5.354503327
38309;Poisat;Grenoble;45.153823787, 5.77035349
38328;Quaix-en-Chartreuse;Grenoble;45.256999945, 5.730526399
38341;Rochetoirin;Lyon;45.588363132, 5.416343483
38357;Saint-André-le-Gaz;Lyon;45.546702816, 5.532573695
38383;Saint-Étienne-de-Crossey;Grenoble;45.379651464, 5.637292804
38443;Saint-Pierre-de-Chérennes;Saint-Marcellin;45.121780808, 5.385891977
38467;Salagnon;Lyon;45.668236349, 5.357136518
38480;Septème;Lyon;45.547689296, 4.985596473
38527;Vaujany;Vaujany;45.186187444, 6.100965444
38534;Vénosc;SO;44.973126799, 6.107707724
38567;Chamrousse;Grenoble;45.119480049, 5.894804755
38134;Cour-et-Buis;Cour-et-Buis;45.440320431, 5.018297154
38140;Crolles;Grenoble;45.282213509, 5.889174893
38006;Allevard;Allevard;45.380080254, 6.11366454
38012;Aoste;Aoste;45.598352184, 5.613180139
38015;Artas;Lyon;45.537587384, 5.166226295
38076;La Chapelle-de-la-Tour;Lyon;45.589160368, 5.470616997
38083;Charette;Lyon;45.804850649, 5.36212435
38107;Chonas-l'Amballan;Vienne;45.464824176, 4.802866479
38113;Clelles;Grenoble;44.824523874, 5.629205579
38231;Meyrieu-les-Étangs;Lyon;45.515649078, 5.198614874
38244;Monsteroux-Milieu;Vienne;45.434842017, 4.947439549
38301;Le Percy;Grenoble;44.789342179, 5.62589117
38366;Saint-Baudille-et-Pipet;Saint-Baudille-et-Pipet;44.782855942, 5.777767943
38411;Saint-laurent-de-mure;SO;nan
38489;Siévoz;Siévoz;44.90497371, 5.850886297
38514;Tréminis;Tréminis;44.73245203, 5.771799679
38530;Vaulx-Milieu;Lyon;45.615354283, 5.18457742
38535;Vernas;Lyon;45.776771635, 5.26761196
38345;Rovon;Grenoble;45.183915303, 5.4654232
38364;Saint-Barthélemy-de-Séchilienne;Grenoble;45.039667745, 5.822068137
38461;Saint-symphorien-d'ozon;SO;nan
38463;Saint-Vérand;Saint-Marcellin;45.182780786, 5.342692002
38549;Villard-Notre-Dame;Villard-Notre-Dame;45.009079301, 6.03307009
38550;Villard-Reculas;Villard-Reculas;45.093430126, 6.0368515
38186;Gresse-en-Vercors;Grenoble;44.886395626, 5.525929713
38211;Lieudieu;Lyon;45.457734366, 5.179806543
38299;Pellafol;Pellafol;44.782397873, 5.880569984
38323;Pressins;Pressins;45.526743431, 5.631618562
38496;Sonnay;Sonnay;45.356617569, 4.916449281
38511;Le Touvet;Grenoble;45.351673674, 5.945573307
38513;Treffort;Grenoble;44.902257238, 5.661247344
38276;Nivolas-Vermelle;Lyon;45.561931006, 5.307317228
38284;Ornacieux-Balbins;Ornacieux;45.405053803, 5.212894579
38317;Le Pont-de-Claix;Grenoble;45.126019662, 5.701776298
38389;Saint-Georges-d'Espéranche;Lyon;45.559817199, 5.079589528
38397;Saint-Ismier;Grenoble;45.251951176, 5.828078767
38419;Saint-Martin-de-Clelles;Grenoble;44.84693611, 5.602094872
38437;Saint-Paul-d'Izeaux;Grenoble;45.313791473, 5.432322987
38438;Saint-Paul-lès-Monestier;Grenoble;44.927148232, 5.614425141
38441;Saint-pierre-de-chandieu;SO;nan
38506;Thuellin;SO;nan
38532;Vénérieu;Lyon;45.660467291, 5.276284582
38536;Vernioz;Vienne;45.430040158, 4.899439795
38546;Vignieu;Lyon;45.631340749, 5.421017145
38025;Balbins;SO;45.388605564, 5.215985653
38036;Beauvoir-en-Royans;Saint-Marcellin;45.117091464, 5.35096709
38054;Bouvesse-Quirieu;Lyon;45.783664659, 5.415320136
38160;Eyzin-Pinet;Eyzin-Pinet;45.477876686, 4.998786739
38164;Feyzin;SO;nan
38202;Jons;SO;nan
38005;Allemond;Allemond;45.170426007, 6.017765015
38032;Beaufort;Beaufort;45.32934734, 5.116149427
38047;Blandin;Blandin;45.480165709, 5.446862719
38082;Charavines;Grenoble;45.42774897, 5.517334786
38096;Chavagneux-Montbertand;SO;nan
38109;Chozeau;Lyon;45.69931217, 5.209865881
38126;Corenc;Grenoble;45.22595619, 5.759415823
38133;Coublevie;Grenoble;45.35675287, 5.618544491
38143;Décines-Charpieu;SO;nan
38150;Domène;Grenoble;45.204409685, 5.83712618
38240;Moissieu-sur-Dolon;Moissieu-sur-Dolon;45.39099448, 4.986525304
38249;Montbonnot-Saint-Martin;Grenoble;45.221431866, 5.815655577
38259;Montseveroux;Montseveroux;45.430058564, 4.973821703
38265;La Motte-d'Aveillans;Grenoble;44.954327652, 5.740604774
38270;La Murette;Grenoble;45.381612305, 5.541345501
38281;Noyarey;Grenoble;45.241448968, 5.619547397
38287;Oyeu;Grenoble;45.427167484, 5.479449536
38288;Oytier-Saint-Oblas;Lyon;45.56410726, 5.031128251
38290;Pact;Pact;45.354149862, 4.988589274
38359;Saint Antoine l'Abbaye;Saint-Antoine-l'Abbaye;45.17260447, 5.215455843
38360;Saint-Appolinard;Saint-Marcellin;45.184088294, 5.260253501
38378;Saint-Clair-du-Rhône;Vienne;45.435310449, 4.773260277
38424;Saint-Maurice-en-Trièves;Saint-Maurice-en-Trièves;44.760526539, 5.653729042
38439;Crêts en Belledonne;Saint-Pierre-d'Allevard;45.35728889, 6.045065663
38477;Savel;SO;nan
38490;Sillans;Grenoble;45.347446746, 5.391639012
38555;Villeneuve-de-Marc;Lyon;45.462858202, 5.115223266
38048;Bonnefamille;Lyon;45.601146078, 5.113645807
38087;Chasse-sur-Rhône;Lyon;45.579477956, 4.81447261
38093;Châtenay;Châtenay;45.328726892, 5.229355465
38181;Goncelin;Grenoble;45.336386798, 5.988296473
38219;Marcollin;Marcollin;45.310372019, 5.088289664
38273;Nantes-en-Ratier;Nantes-en-Ratier;44.92786884, 5.828314336
38326;Prunières;La Mure;44.898762813, 5.756391843
38525;Vasselin;Lyon;45.628595319, 5.450619114
38564;Voissant;Grenoble;45.479669771, 5.704019773
38030;Beaucroissant;Grenoble;45.342496498, 5.468252551
38050;Le Bouchage;Lyon;45.669644366, 5.52237327
38063;Burcin;Grenoble;45.433333457, 5.447108953
38218;Marcilloles;Marcilloles;45.346875359, 5.175144941
38339;Roche;Lyon;45.574428499, 5.155992956
38356;Saint-André-en-Royans;Saint-André-en-Royans;45.082996684, 5.336672711
38395;Plateau-des-Petites-Roches;Grenoble;45.313036229, 5.879418389
38422;Saint-Martin-d'Uriage;Grenoble;45.153190231, 5.85647214
38028;La Bâtie-Divisin;SO;45.510995236, 5.606936398
38068;Champagnier;Grenoble;45.111041523, 5.721793298
38103;Chichilianne;Grenoble;44.807725965, 5.539112121
38214;Lumbin;Grenoble;45.304657141, 5.913647345
38340;Les Roches-de-Condrieu;Vienne;45.452771451, 4.764397161
38445;Saint-Pierre-de-Mésage;Grenoble;45.048092512, 5.765005823
38485;Seyssinet-Pariset;Grenoble;45.17271962, 5.669164228
38563;Voiron;Grenoble;45.378473227, 5.582700611
38041;Bessins;Bessins;45.204029233, 5.264535256
38142;Curtin;SO;nan
38253;Les Deux Alpes;Mont-de-Lans;45.015666799, 6.138047123
38278;Notre-Dame-de-l'Osier;Grenoble;45.238440965, 5.41504928
38303;La Pierre;Grenoble;45.294678239, 5.941153597
38428;Saint-Michel-en-Beaumont;Saint-Michel-en-Beaumont;44.869597052, 5.912695797
38483;Sermérieu;Lyon;45.666662969, 5.409845169
38049;Bossieu;Bossieu;45.417433717, 5.147434226
38055;Brangues;Lyon;45.695660238, 5.53741837
38091;Châteauvilain;Lyon;45.513876353, 5.330300023
38097;Chavanoz;Lyon;45.769104528, 5.171972607
38106;Cholonge;Grenoble;45.00948708, 5.800310379
38111;Claix;Grenoble;45.122365129, 5.656327486
38130;La Côte-Saint-André;La Côte-Saint-André;45.38361595, 5.260654212
38179;Gières;Grenoble;45.183103387, 5.791266311
38190;Hières-sur-Amby;Lyon;45.799622554, 5.293062563
38194;Izeaux;Grenoble;45.343042064, 5.430604899
38226;Mens;Mens;44.81481966, 5.752716888
38243;Monestier-du-Percy;Grenoble;44.783718447, 5.647626214
38255;Montfalcon;Montfalcon;45.260343808, 5.171576879
38318;Pont-Évêque;Vienne;45.534265163, 4.923519848
38327;Pusignan;SO;nan
38385;Saint-Genis;SO;nan
38464;Saint-Victor-de-Cessieu;Lyon;45.539662984, 5.383433124
38478;Séchilienne;Grenoble;45.072502728, 5.82991082
38502;Ternay;SO;nan
38507;Tignieu-Jameyzieu;Lyon;45.734741851, 5.183946016
38554;Villemoirieu;Lyon;45.713733835, 5.232897278
38001;Les Abrets en Dauphiné;Les Abrets;45.54180465, 5.592891978
38065;Châbons;Grenoble;45.448291261, 5.424966204
38074;Chantesse;Grenoble;45.244865023, 5.447408809
38079;Chaponnay;SO;nan
38131;Les Côtes-d'Arey;Vienne;45.45661899, 4.879873068
38137;Cras;Grenoble;45.272674911, 5.438129852
38163;Le Haut-Bréda;La Ferrière;45.278975203, 6.085282311
38187;Le Gua;Grenoble;45.013918933, 5.61574132
38235;Miribel-Lanchâtre;Grenoble;44.973093415, 5.61059727
38245;Montagne;Montagne;45.141319462, 5.200420676
38252;Montchaboud;Grenoble;45.092557128, 5.761037354
38268;Le Moutaret;Le Moutaret;45.429155144, 6.082088233
38297;Arandon-Passins;Lyon;45.692435426, 5.429656305
38543;Vézeronce-Curtin;Lyon;45.654459852, 5.470691729
38560;Val-de-Virieu;Virieu;45.471164703, 5.477156547
38479;Porte-des-Bonnevaux;Semons;45.432134298, 5.197463343
38504;Theys;Grenoble;45.297194931, 6.013521757
38017;Assieu;Vienne;45.409846758, 4.878150294
38101;Cheyssieu;Vienne;45.425484308, 4.842540744
38242;Monestier-de-Clermont;Grenoble;44.921834564, 5.63672603
38363;Saint-Barthélemy;Beaurepaire;45.341129591, 5.080781573
38373;Saint-Cassien;Grenoble;45.361467092, 5.551367113
38415;Saint-Marcel-Bel-Accueil;Lyon;45.648509818, 5.240348695
38457;Saint-Siméon-de-Bressieux;Saint-Siméon-de-Bressieux;45.326128886, 5.262945859
38387;Saint-Geoirs;Grenoble;45.306519061, 5.379449634
38403;Saint-Jean-d'Hérans;Saint-Jean-d'Hérans;44.854604042, 5.753014872
38407;La Sure en Chartreuse;Grenoble;45.346776612, 5.66684141
38410;Saint-Lattier;Saint-Lattier;45.093721392, 5.185258627
38522;Valjouffrey;Valjouffrey;44.881488699, 6.079041081
38072;Chanas;Chanas;45.317366224, 4.831077815
38175;Froges;Grenoble;45.265407512, 5.925943774
38447;Saint-priest;SO;nan
38544;Vienne;Vienne;45.520834255, 4.880708304
38027;Barraux;Grenoble;45.435659403, 5.980589906
38056;Bressieux;Bressieux;45.322048747, 5.277706953
38075;Chapareillan;Chapareillan;45.461504673, 5.958384979
38098;Chélieu;Lyon;45.507972967, 5.480378624
38165;Fitilieu;SO;45.552365188, 5.56533462
38169;Fontaine;Grenoble;45.192972497, 5.677452483
38210;Leyrieu;Lyon;45.756398073, 5.255464966
38365;Saint-Baudille-de-la-Tour;Lyon;45.787083166, 5.337023874
38135;Courtenay;Lyon;45.736520091, 5.392180513
38139;Creys-Mépieu;Lyon;45.744399671, 5.465109531
38200;Jarrie;Grenoble;45.110551879, 5.7471277
38213;Longechenal;Grenoble;45.423098598, 5.360290019
38262;Morêtel-de-Mailles;SO;45.368548459, 6.008952387
38263;Morette;Grenoble;45.285250614, 5.451011756
38314;Pontcharra;Pontcharra;45.419902033, 6.020934886
38329;Quet-en-Beaumont;Quet-en-Beaumont;44.837536303, 5.878992148
38508;Torchefelon;Lyon;45.518593714, 5.403085184
38412;Saint-Laurent-du-Pont;Grenoble;45.380043804, 5.735102943
38418;Sainte-Marie-du-Mont;Grenoble;45.406365971, 5.930030992
38425;Saint-Maurice-l'Exil;Vienne;45.392194214, 4.777308038
38458;Saint-Sorlin-de-Morestel;Lyon;45.633055037, 5.472802302
38486;Seyssins;Grenoble;45.155000194, 5.675022011
38497;Sousville;Sousville;44.91124694, 5.80662944
38022;Les Avenières Veyrins-Thuellin;Lyon;45.642834707, 5.568854919
38212;Livet-et-Gavet;Grenoble;45.0905136, 5.918783882
38280;Notre-Dame-de-Vaulx;Grenoble;44.99143624, 5.741321896
38370;Saint-Bonnet-de-Chavagne;Saint-Bonnet-de-Chavagne;45.121304498, 5.227471001
38386;Saint-Geoire-en-Valdaine;Grenoble;45.460607703, 5.6356385
38510;Toussieu;SO;nan
38545;Vif;Grenoble;45.042995035, 5.67405929
38071;Champ-sur-Drac;Grenoble;45.068922163, 5.727206614
38332;Renage;Grenoble;45.331317866, 5.493142486
38355;Saint-Andéol;Grenoble;44.94985925, 5.517135503
38472;Sarcenas;Grenoble;45.285064585, 5.760202971
38021;Autrans;SO;45.196264204, 5.558535222
38023;Avignonet;Grenoble;44.956717306, 5.673849559
38104;Chimilin;Chimilin;45.573389451, 5.59018369
38123;Corbas;SO;nan
38136;Crachier;Lyon;45.546405401, 5.219880163
38149;Domarin;Lyon;45.581433728, 5.245396488
38151;Échirolles;Grenoble;45.147063791, 5.715460973
38174;La Frette;Grenoble;45.387460479, 5.36294255
38180;Gillonnay;Gillonnay;45.385734182, 5.297224051
38209;Lentiol;Lentiol;45.29663296, 5.104369535
38238;Moidieu-Détourbe;Lyon;45.512069293, 5.022142282
38269;La Mure;La Mure;44.9091277, 5.787832273
38275;Serre-Nerpol;Serre-Nerpol;45.257087181, 5.371696543
38308;Plan;Grenoble;45.316638303, 5.391990263
38393;Saint-Hilaire-de-la-Côte;Grenoble;45.389809475, 5.329433504
38442;Saint-Pierre-de-Chartreuse;Grenoble;45.331444023, 5.797898704
38024;Badinières;SO;nan
38035;Beauvoir-de-Marc;Lyon;45.519983092, 5.080114147
38037;Bellegarde-Poussieu;Bellegarde-Poussieu;45.378021274, 4.951025923
38046;Bizonnes;Grenoble;45.44694868, 5.378859204
38053;Bourgoin-Jallieu;Lyon;45.602703383, 5.273772841
38067;Chamagnieu;Lyon;45.687933018, 5.166676121
38102;Chèzeneuve;Lyon;45.56099561, 5.21701547
38108;Choranche;Choranche;45.071079048, 5.39275869
38189;Heyrieux;Lyon;45.628002223, 5.059230163
38204;Lalley;Lalley;44.746508009, 5.684264038
38216;Malleval-en-Vercors;Grenoble;45.15322303, 5.444420292
38223;Maubec;Lyon;45.566103015, 5.258646044
38296;Le Passage;Lyon;45.525474071, 5.514552447
38019;Auberives-sur-Varèze;Vienne;45.426880025, 4.819033132
38020;Auris;Auris;45.05217089, 6.08362311
38062;La Buissière;Grenoble;45.409215501, 5.986120228
38077;La Chapelle-de-Surieu;Vienne;45.394085076, 4.916148263
38080;Charancieu;Charancieu;45.520641833, 5.579390516
38144;Diémoz;Lyon;45.587965763, 5.089047178
38146;Dizimieu;Lyon;45.713258767, 5.28667439
38168;La Folatière;SO;nan
38178;Genas;SO;nan
38195;Izeron;Saint-Marcellin;45.142490996, 5.394005664
38221;Marnans;Marnans;45.289805961, 5.248583921
38232;Meyssiez;Lyon;45.462462315, 5.061948939
38448;Saint-Prim;Vienne;45.445410488, 4.801307512
38455;Saint-Savin;Lyon;45.625489162, 5.321293019
38487;Seyssuel;Vienne;45.559873043, 4.843431467
38526;Vatilieu;Grenoble;45.260866496, 5.41164283
38557;Villette-d'Anthon;Lyon;45.784453637, 5.107563282
38094;Châtonnay;Lyon;45.477030132, 5.22226663
38124;Corbelin;Lyon;45.60249503, 5.552791253
38145;Dionay;SO;45.20381888, 5.207331095
38182;Le Grand-Lemps;Grenoble;45.394715332, 5.41914858
38312;Pommiers-la-Placette;SO;45.319999888, 5.678506427
38336;Reventin-Vaugris;Vienne;45.479382369, 4.844068105
38352;Saint-Alban-de-Roche;Lyon;45.587498168, 5.225312152
38392;Saint-Hilaire-de-Brens;Lyon;45.67563547, 5.291586007
38423;Saint-Martin-le-Vinoux;Grenoble;45.219874186, 5.715972501
38426;Saint-Maximin;Saint-Maximin;45.426434946, 6.049899505
38473;Sardieu;Sardieu;45.360781112, 5.221318736
38482;Sérézin-du-Rhône;SO;nan
38039;Bernin;Grenoble;45.265019906, 5.863719582
38085;Charvieu-Chavagneux;Lyon;45.739828331, 5.151254674
38197;Janneyrias;Lyon;45.750870877, 5.114528505
38368;Saint-Blaise-du-Buis;Grenoble;45.380539614, 5.512039744
38008;Ambel;Ambel;44.799799451, 5.933405735
38153;Engins;Grenoble;45.192958749, 5.609326302
38183;Granieu;Lyon;45.599993367, 5.589887447
38199;Jardin;Vienne;45.493287474, 4.910354815
38208;Lavars;Grenoble;44.852945726, 5.678984385
38246;Montagnieu;Lyon;45.526437765, 5.45217438
38274;Nantoin;SO;45.439327163, 5.267133399
38307;Pisieu;Pisieu;45.386796608, 5.073771593
38320;Porcieu-Amblagnieu;Lyon;45.837399417, 5.392791318
38321;Prébois;Prébois;44.777107953, 5.710673651
38350;Sainte-Agnès;Grenoble;45.210549917, 5.959991862
38367;Saint-Bernard;SO;45.354446568, 5.899059324
38402;Saint-Jean-de-Vaulx;Grenoble;45.01670405, 5.751944213
38430;Saint-Mury-Monteymond;Grenoble;45.206245864, 5.933281132
38453;Saint-Romans;Saint-Romans;45.105144562, 5.318885628
38459;Saint-Sorlin-de-Vienne;Vienne;45.473552805, 4.93856526
38468;Salaise-sur-Sanne;Vienne;45.344087983, 4.808935935
38469;La Salette-Fallavaux;La Salette-Fallavaux;44.843060998, 5.985066598
38492;Sinard;Grenoble;44.942881868, 5.655754444
38503;La Terrasse;Grenoble;45.32560008, 5.931340214
38552;Villard-Saint-Christophe;Grenoble;44.986010886, 5.818778353
38553;Villefontaine;Lyon;45.613323366, 5.154811561
38002;Les Adrets;Grenoble;45.259045888, 5.991313765
38061;La Buisse;Grenoble;45.330829027, 5.623287235
38064;Cessieu;Lyon;45.568823527, 5.377346912
38070;Le Champ-près-Froges;Grenoble;45.281326588, 5.937781495
38110;Chuzelles;Lyon;45.575736715, 4.878188955
38239;Moirans;Grenoble;45.318566973, 5.561884704
38551;Villard-Reymond;Villard-Reymond;45.029238848, 6.007608407
38128;Corps;Corps;44.820298279, 5.941842592
38159;Eydoche;Eydoche;45.442004928, 5.333129165
38184;Grenay;Lyon;45.661426512, 5.077181318
38185;Grenoble;Grenoble;45.182177618, 5.720992019
38401;Saint-Jean-de-Soudain;Lyon;45.584795838, 5.435628885
38420;Saint-Martin-de-Vaulserre;Saint-Martin-de-Vaulserre;45.492865966, 5.681956998
38435;Saint-Pancrasse;SO;45.295915266, 5.850109598
38460;Saint-Sulpice-des-Rivoires;Grenoble;45.467694399, 5.60403915
38475;Satolas-et-Bonce;Lyon;45.682838834, 5.125640507
38494;Soleymieu;Lyon;45.703386588, 5.359103448
38523;Varacieux;Saint-Marcellin;45.227708802, 5.341874425
38234;Mions;SO;nan
38289;Oz;Oz;45.12793404, 6.074176657
38300;Penol;Penol;45.371519377, 5.179904742
38561;Viriville;Viriville;45.304814481, 5.202617788
38541;Veyrins-Thuellin;SO;45.629548516, 5.530334015
38548;Villard-de-Lans;Villard-de-Lans;45.059882977, 5.543859845
38009;Anjou;Anjou;45.349330516, 4.882777011
38044;Biol;Lyon;45.496307689, 5.36902961
38125;Cordéac;SO;44.813366011, 5.844992175
38152;Eclose-Badinières;Lyon;45.491670095, 5.302219857
38156;Les Éparres;Lyon;45.538315322, 5.291831681
38161;Faramans;Faramans;45.388221735, 5.154291684
38193;L'Isle-d'Abeau;Lyon;45.618276697, 5.221862177
38207;Lavaldens;Lavaldens;44.992267245, 5.90313885
38217;Marcieu;Marcieu;44.917022053, 5.695003934
38258;Mont-Saint-Martin;Grenoble;45.278722971, 5.683690292
38291;Pajay;Pajay;45.359192721, 5.129584097
38315;Le Pont-de-Beauvoisin;Le Pont-de-Beauvoisin;45.531319849, 5.660887356
38338;La Rivière;Grenoble;45.223750239, 5.513673321
38348;Ruy-Montceau;Lyon;45.590217627, 5.344325819
38390;Saint-Gervais;Grenoble;45.19042275, 5.49769401
38413;Saint-Laurent-en-Beaumont;Saint-Laurent-en-Beaumont;44.884853535, 5.84501185
38417;Sainte-Marie-d'Alloix;Grenoble;45.383757107, 5.975582748
38421;Saint-Martin-d'Hères;Grenoble;45.175286155, 5.765520689
38436;Saint-Paul-de-Varces;Grenoble;45.065768509, 5.631710503
38440;Saint-Pierre-de-Bressieux;Grenoble;45.300755164, 5.299947247
38444;Saint-Pierre-de-Méaroz;Saint-Pierre-de-Méaroz;44.873413348, 5.820317787
38449;Saint-Quentin-Fallavier;Lyon;45.639549528, 5.108702287
38454;Saint-Sauveur;Saint-Marcellin;45.1455237, 5.344233967
38558;Villette-de-Vienne;Lyon;45.589171467, 4.912668549
38379;Saint-Clair-sur-Galaure;Saint-Clair-sur-Galaure;45.272382987, 5.147483472
38380;Saint-Didier-de-Bizonnes;Lyon;45.46152112, 5.344240452
38505;Thodure;Thodure;45.31557145, 5.155540424
38016;Arzay;SO;45.43179154, 5.167331648
38026;La Balme-les-Grottes;Lyon;45.841818287, 5.319537974
38034;Beaurepaire;Beaurepaire;45.336749833, 5.04358868
38042;Bévenais;Grenoble;45.393896827, 5.39280865
38095;Chatte;Saint-Marcellin;45.140117729, 5.279829575
38117;Cognin-les-Gorges;Grenoble;45.170563084, 5.418301586
38120;La Combe-de-Lancey;Grenoble;45.19825032, 5.918162549
38138;Crémieu;Lyon;45.732021256, 5.257102622
38237;Mizoën;Mizoën;45.043090807, 6.182098161
38261;Morestel;Lyon;45.680394141, 5.46954542
38266;La Motte-Saint-Martin;Grenoble;44.9468676, 5.718937261
38272;Murinais;Saint-Marcellin;45.210824968, 5.318168034
38279;Notre-Dame-de-Mésage;Grenoble;45.070465203, 5.751677553
38292;Villages du Lac de Paladru;Grenoble;45.482013286, 5.552670593
38311;Pommier-de-Beaurepaire;Pommier-de-Beaurepaire;45.392521295, 5.1076462
38362;Saint-Aupre;Grenoble;45.4064128, 5.661489041
38462;Saint-Théoffrey;Grenoble;44.99059295, 5.775367665
38474;Sassenage;Grenoble;45.212873573, 5.651315598
38493;Solaize;SO;nan
38499;Susville;La Mure;44.925792584, 5.762914474
38519;Valencin;Lyon;45.607836937, 5.027216244
38562;Vizille;Grenoble;45.074575767, 5.779356667
38007;Allières-et-Risset;SO;nan
38066;Chalon;Châlons;45.451555888, 4.93708441
38118;Colombe;Grenoble;45.394276253, 5.449328904
38129;Corrençon-en-Vercors;Corrençon-en-Vercors;45.011494761, 5.517391975
38155;Entre-deux-Guiers;Entre-deux-Guiers;45.41586075, 5.755902533
38172;Four;Lyon;45.577154439, 5.195515667
38176;Frontonas;Lyon;45.65115729, 5.185266413
38205;Lans-en-Vercors;Grenoble;45.120819995, 5.590042693
38282;Optevoz;Lyon;45.752755934, 5.340302372
38316;Pont-de-Chéruy;Lyon;45.752422332, 5.172531965
38325;Proveysieux;Grenoble;45.287015934, 5.714889076
38331;Réaumont;Grenoble;45.36286244, 5.523165354
38347;Roybon;Roybon;45.24794881, 5.248940228
38369;Sainte-Blandine;Lyon;45.545117659, 5.435602699
38371;Saint-bonnet-de-mure;SO;nan
38382;Saint-Égrève;Grenoble;45.232202682, 5.684294259
38406;Saint-Julien-de-l'Herms;Lyon;45.431174334, 5.086099912
38408;Saint-Just-Chaleyssin;Lyon;45.586545323, 5.004744874
38409;Saint-Just-de-Claix;Saint-Just-de-Claix;45.077593694, 5.279832192
38414;Sainte-Luce;Sainte-Luce;44.8503386, 5.906572581
38427;Saint-Michel-de-Saint-Geoirs;Grenoble;45.301101314, 5.359068278
38431;Saint-Nazaire-les-Eymes;Grenoble;45.259230162, 5.851458795
38433;Saint-Nizier-du-Moucherotte;Grenoble;45.164674379, 5.631235759
38471;Le Sappey-en-Chartreuse;Grenoble;45.265215322, 5.783651077
38491;Simandres;SO;nan
38515;Trept;Lyon;45.688962376, 5.324700837
38516;La Tronche;Grenoble;45.209701883, 5.743999417
38518;Valbonnais;Valbonnais;44.897890934, 5.909570447
38565;Voreppe;Grenoble;45.29034086, 5.642899033
38285;Ornon;Ornon;45.040467633, 5.965131212
38330;Quincieu;Grenoble;45.278138011, 5.387259559
38333;Rencurel;Rencurel;45.118116503, 5.472626966
38342;Roissard;Grenoble;44.88451251, 5.635042699
38349;Sablons;Sablons;45.32156761, 4.784566108
38399;Saint-Jean-de-Bournay;Lyon;45.498252205, 5.147560058
38476;Savas-Mépin;Lyon;45.497090764, 5.061887329
